<?xml version="1.0" encoding="utf-8"?>
<openerp>
    <data noupdate="1">

        <record id="commission_seq_line" model="ir.sequence">
            <field name="name">sales.commission.line</field>
            <field name="code">sales.commission.line</field>
            <field name="prefix">SCL/</field>
            <field name="padding">4</field>
            <field name="gr_number" eval="False"/>
        </record>
        <record id="commission_seq" model="ir.sequence">
            <field name="name">sales.commission</field>
            <field name="code">sales.commission</field>
            <field name="prefix">SC/</field>
            <field name="padding">4</field>
            <field name="gr_number" eval="False"/>
        </record>

    </data>
</openerp>
