<?xml version="1.0" encoding="utf-8"?>
<odoo>
    <data noupdate="1">

        <record id="product_sales_commission" model="product.product">
            <field name="name">Sales Commission</field>
            <field name="standard_price">0.0</field>
            <field name="list_price">0.0</field>
            <field name="type">service</field>
            <field name="is_commission_product">True</field>
            <field name="uom_id" ref="product.product_uom_unit"/>
            <field name="uom_po_id" ref="product.product_uom_unit"/>
            <field name="default_code">SALES COMMISSION</field>
        </record>

     </data>
</odoo>
