<?xml version="1.0" encoding="utf-8"?>
<openerp>
  <data>
    <template id="order_lines" name="Sale Order Data">
           <div t-if="doc.project_title" class="col-xs-12" t-attf-style="color:{{style.theme_txt_color if not style.transparent else style.text_color}};text-align:center; padding-left:0px; padding-right:0px;">
                <div t-attf-style="width:auto; display:inline-block; background-color:{{style.theme_color if not style.transparent else 'transparent'}};padding-left:8px; padding-right:8px;">
                          <span t-attf-style="margin-top:8px; margin-bottom:8px;font-size:{{style.body_font+4}}px;"><span t-field="doc.project_title"/></span>
                </div>
           </div>
           <div class="col-xs-12" style="padding:8px;"/>

            <!-- Is there a discount on at least one line? -->
            <t t-set="display_discount" t-value="any([l.discount for l in doc.order_line])"/>
            <!-- Is there tax on at least one line? -->
            <t t-set="display_taxes" t-value="any([y.tax_id for y in doc.order_line])"/>
            <!-- To take care of columns when no discount -->
            <t t-set="col_span" t-value="8 if display_discount else 7"/>
            <!-- common th styles -->
            <t t-set="th_style" t-value="'border-bottom: 1px solid #ddd !important;white-space:nowrap;'"/>
            <t t-foreach="doc.order_lines_layouted()" t-as="page">
                    <table class="table  table-condensed" t-attf-style="color:{{style.text_color}};" >
                        <thead t-attf-style="background-color:{{style.theme_color if not style.transparent else 'transparent'}} !important; page-break-inside: avoid; color:{{style.theme_txt_color if not style.transparent else style.text_color}};">
                            <tr t-attf-style="page-break-inside: avoid !important; border-bottom: 1px solid {{style.text_color}} !important;font-size:{{style.body_font+2}}px;">
                                <th t-attf-style="{{th_style}}"><i class="fa fa-list-ol"></i> Item</th>
                                <th t-if="style.show_img" t-attf-style="{{th_style}}"><i class="fa fa-camera"></i> Image</th>
                                <th t-attf-style="{{th_style}}"><i class="fa fa-th-large"/> Description</th>
                                <th class="text-right" t-attf-style="{{th_style}}"><i class="fa fa-sort-amount-asc"/> Quantity</th>
                                <th class="text-right" t-attf-style="{{th_style}}"><i class="fa fa-tags"/> Unit Price</th>
                                <th t-if="display_discount" class="text-right" t-attf-style="{{th_style}}" 
                                                groups="sale.group_discount_per_so_line"><i class="fa fa-minus-square"/> Discount(%)</th>
                                <th t-if="display_taxes" class="text-center" t-attf-style="{{th_style}}"><i class="fa fa-pencil-square"/> Taxes</th>
                                <th class="text-right" t-attf-style="{{th_style}}"><i class="fa fa-money"/> Price</th>

                            </tr>
                        </thead>
                        <tbody>
                        <t t-foreach="page" t-as="layout_category">

                          <!-- Name of the category -->
                            <t t-if="layout_category_size > 1 or page_size > 1" groups="sale.group_sale_layout">
                                  <t t-call="professional_templates.category_template">
                                    <t t-set="cols" t-value="col_span"	/>
                                  </t>
                            </t>

                            <!-- Lines associated -->
                            <t t-foreach="layout_category['lines']" t-as="l">
                                <tr t-attf-style="background-color:{{style.odd if (l_parity in 'odd' and not style.transparent) else (not style.transparent and style.even) or 'transparent'}}; page-break-inside: avoid">
                                    <td><span t-esc="l_index + 1"/></td>
                                    <td t-if="style.show_img"><span itemprop="image" t-field="l.sudo().product_id.image_small" t-options='{"widget": "image"}'/></td>
                                    <td><span t-field="l.name"/></td>
                                    <td class="text-right">
                                        <span t-field="l.product_uom_qty"/>
                                        <span t-field="l.product_uom"  groups="product.group_uom"/>
                                    </td>
                                    <td class="text-right">
                                            <span t-field="l.price_unit"  t-options='{"widget": "monetary", "display_currency": doc.pricelist_id.currency_id}'/>
                                    </td>
                                    <td t-if="display_discount" class="text-right" groups="sale.group_discount_per_so_line"><span t-field="l.discount"/></td>
                                    <td t-if="display_taxes" class="text-center">
                                            <span t-esc="', '.join(map(lambda x: (x.description or x.name), l.tax_id))"/>
                                    </td>
                                    <td class="text-right">
                                            <span t-field="l.price_subtotal"  t-options='{"widget": "monetary", "display_currency": doc.pricelist_id.currency_id}'/>
                                    </td>
                                </tr>
                            </t>
                            <t t-if="(layout_category_size > 1 or page_size > 1) and layout_category['subtotal']" groups="sale.group_sale_layout">
                                <!-- Subtotal -->
                                <t t-call="professional_templates.subtotal_template">
                                    <t t-set="cols" t-value="col_span"	/>
                                </t>
                            </t>
                        </t>
                        </tbody>
                    </table>
                    <t t-if="page_index &lt; page_size - 1" groups="sale.group_sale_layout">
                        <p style="page-break-before:always;"> </p>
                    </t>
            </t>
                   <div class="col-xs-5 pull-right" style="padding-left:0px; padding-right:0px; page-break-inside: avoid !important;">
                    <table class="table table-condensed" t-attf-style="color:{{style.text_color}};"><tbody>
                        <tr t-if="display_taxes" t-attf-style="border-top: 1px solid {{style.text_color}};" >
                            <td t-attf-style="border-top: 1px solid {{style.text_color}} !important;"><strong>Total Without Taxes</strong></td>
                            <td class="text-right" t-attf-style="border-top: 1px solid {{style.text_color}} !important;">
                                <span t-field="doc.amount_untaxed"  t-options='{"widget": "monetary", "display_currency": doc.pricelist_id.currency_id}'/>
                            </td>
                        </tr>
                        <tr t-if="display_taxes" >
                            <td><strong>Taxes</strong></td>
                            <td class="text-right">
                                <span t-field="doc.amount_tax"  t-options='{"widget": "monetary", "display_currency": doc.pricelist_id.currency_id}'/>
                            </td>
                        </tr>
                        <tr t-attf-style="border-bottom: 1px solid {{style.text_color}};">
                            <td t-attf-style="border-top: 1px solid {{style.text_color}} !important;"><strong>Total</strong></td>
                            <td class="text-right" t-attf-style="border-top: 1px solid {{style.text_color}} !important;">
                                 <strong><span  style="font-weight:bold; text-decoration:underline;" t-field="doc.amount_total" 
                                         t-options='{"widget": "monetary", "display_currency": doc.pricelist_id.currency_id}'/>
                                 </strong>
                            </td>
                        </tr>
                        </tbody>
                    </table>
                   </div>
                <div class="col-xs-6 pull-left" style="padding-left:0px; padding-right:0px; page-break-inside: avoid !important;">
                     <p t-if="doc.payment_term_id.note">
                        <span t-field="doc.payment_term_id.note"/>
                     </p>
                     <p t-if="doc.incoterm">
                        <strong>Shipping:</strong><span t-field="doc.incoterm"/>
                     </p>
                     <p id="payment_term" t-if="not doc.payment_term_id and doc.partner_id.property_payment_term_id">
                        <span t-field="doc.partner_id.property_payment_term_id.note"/>
                     </p>

                     <p t-if="doc.fiscal_position_id.note">
                         <strong>Fiscal Position Remark:</strong> <span t-field="doc.fiscal_position_id.note"/>
                     </p>
                     <p t-if="style.aiw_report">
                         <strong>Amount in Words: </strong><span style="text-decoration:underline;" t-field="doc.amount_words"/>
                     </p>
                </div>
            <div class="col-xs-12" style="padding-left:0px; padding-right:0px; page-break-inside: avoid ! important;">
                    <p t-if="doc.note">
                        <span t-field="doc.note"/>
                     </p>
            </div>
    </template>
</data>
</openerp>


