<?xml version="1.0" encoding="utf-8"?>
<odoo>
    <data noupdate="1">
        
        <!--Sales Commission -->
        <record id="rule_sales_commission_account_user" model="ir.rule">
            <field name="name">Account User - Sales Commission</field>
            <field name="model_id" ref="model_sales_commission" />
            <field name="domain_force">[(1,'=',1)]</field>
            <field name="groups" eval="[(4,ref('account.group_account_invoice'))]" />
        </record>
    
        <record id="rule_sales_commission_sales_user" model="ir.rule">
            <field name="name">Sales User - Sales Commission</field>
            <field name="model_id" ref="model_sales_commission" />
            <field name="domain_force">[('commission_user_id','=',user.id)]</field>
            <field name="groups" eval="[(4,ref('sales_team.group_sale_salesman'))]" />
        </record>
        
        <record id="rule_sales_commission_sales_manager" model="ir.rule">
            <field name="name">Sales Manager - Sales Commission</field>
            <field name="model_id" ref="model_sales_commission" />
            <field name="domain_force">[(1,'=',1)]</field>
            <field name="groups" eval="[(4,ref('sales_team.group_sale_manager'))]" />
        </record>
        
        <!--Sales Commission Line-->
        <record id="rule_sales_commission_line_account_user" model="ir.rule">
            <field name="name">Account User - Sales Commission Line</field>
            <field name="model_id" ref="model_sales_commission_line" />
            <field name="domain_force">[(1,'=',1)]</field>
            <field name="groups" eval="[(4,ref('account.group_account_invoice'))]" />
        </record>
    
        <record id="rule_sales_commission_line_sales_user" model="ir.rule">
            <field name="name">Sales User - Sales Commission Line</field>
            <field name="model_id" ref="model_sales_commission_line" />
            <field name="domain_force">[('commission_user_id','=',user.id)]</field>
            <field name="groups" eval="[(4,ref('sales_team.group_sale_salesman'))]" />
        </record>
        
        <record id="rule_sales_commission_line_sales_manager" model="ir.rule">
            <field name="name">Sales Manager - Sales Commission Line</field>
            <field name="model_id" ref="model_sales_commission_line" />
            <field name="domain_force">[(1,'=',1)]</field>
            <field name="groups" eval="[(4,ref('sales_team.group_sale_manager'))]" />
        </record>

    </data>
</odoo>
