<odoo>
<data noupdate="0">
<record id="sequence_helpdesk_ticket_number" model="ir.sequence">
    <field name="name">Heldesk Ticket Number</field>
    <field name="code">Helpdesk.Ticket.Number</field>
    <field name="prefix">HD-%(range_year)s-</field>
    <field eval="1" name="number_next"/>
    <field eval="1" name="number_increment"/>
    <field eval="True" name="use_date_range"/>
    <field eval="False" name="company_id"/>
    <field name="padding">5</field>
</record>
<record id="base.main_company" model="res.company">
    <field name="issue_sqn_id" ref="helpdesk_ticket_sequence.sequence_helpdesk_ticket_number"/>
</record>

</data>
</odoo>
