<?xml version="1.0" encoding="utf-8"?>
<openerp>
  <data>
    <template id="PO_6_document" name="Band Template">
        <!-- Multicompany -->
        <t t-if="o and 'company_id' in o">
            <t t-set="company" t-value="o.company_id"></t>
        </t>
        <t t-if="not o or not 'company_id' in o">
            <t t-set="company" t-value="res_company"></t>
        </t>
        <div class="header col-xs-12" t-attf-style="padding-bottom:0px; padding-left:0px; padding-right:0px; color:{{style.text_color}} !important;font-size:{{style.header_font}}px !important;font-family:{{style.font_family}} !important;">
            <t t-if="style.header">
            <div class="col-xs-12 mb8" t-attf-style="height:30px; background-color:{{style.theme_color}}"/>
            <div class="col-xs-5 mb8" style="padding-bottom:2px;padding-left:0px;">
                <div style="width:auto;padding-left:15px;">
                    <t t-call="professional_templates.company_address"/>
                </div>
            </div>
            <div class="col-xs-7 pull-right" style="padding-right:0px;">
                <span t-if="style.logo">
                    <span itemprop="image" t-field="style.logo" t-field-options='{"widget": "image", "style": "float:right;"}'/>
                </span>
                <span t-if="not style.logo and company.logo">
                    <span itemprop="image" t-field="company.logo" t-field-options='{"widget": "image", "style": "float:right;"}'/>
                </span>
                <span t-if="not style.logo and not company.logo">
                    <span itemprop="image" t-field="company.logo" t-field-options='{"widget": "image", "style": "float:right;"}'/>
                </span>
                <div t-if="company.twitter or company.facebook or company.facebook" t-attf-style="background-color:{{style.theme_color}}; width:auto; float:right; padding-left:15px; color:{{style.theme_txt_color}}; padding-right:15px; padding-top:4px; padding-bottom:2px;" class="pull-right mb8">
                    <span t-if="company.twitter" style="padding-left:0px;" class="fa fa-twitter-square "/>&#160;<span t-field="company.twitter"/>
                    <span t-if="company.facebook" style="padding-left:13px;" class="fa fa-facebook-square "/>&#160;<span t-field="company.facebook"/>
                    <span t-if="company.googleplus" style="padding-left:13px;" class="fa fa-google-plus-square "/>&#160;<span t-field="company.googleplus" />
                </div>
            </div>
        </t>
        </div> <!--end of Header-->
		<!-- START OF PAGE -->
                <div class="article page" t-attf-style="color:{{style.text_color}} !important;font-size:{{style.body_font}}px !important;font-family:{{style.font_family}} !important;">
<div class="col-xs-12" t-attf-style="white-space:pre-line;color:#{style.wm_color};left:#{style.leftpadding}mm; top:#{style.toppadding}mm;font-size:#{style.fontsize}px; opacity:#{style.opacity};z-index:-99; -webkit-transform:rotate(-#{style.rotate}deg);position:fixed;"><t t-esc="style.wm_eval(o, time, user, res_company)"/></div>
                    <t t-set="div_class" t-value="'col-xs-3'"></t>
                    <div t-attf-class="#{div_class}">
                        <span t-attf-style="font-size:{{style.body_font+6}}px; font-weight:bold;">Vendor Address:</span>
                        <div t-if="o.partner_id" t-attf-style="color:{{style.cust_color}};font-size:{{style.body_font+6}}px;font-weight:500;"> 
                            <t t-if="o.partner_id.parent_id">
                                <span t-field="o.partner_id.parent_id"/>, <span t-if="o.partner_id.title" t-field="o.partner_id.title"/> <span t-field="o.partner_id.name"/>
                                </t>
                                <t t-if="not o.partner_id.parent_id">
                                <span t-if="o.partner_id.title" t-field="o.partner_id.title"/> <span t-field="o.partner_id"/>
                            </t>
                        </div>
                        <address t-field="o.partner_id" style="margin-bottom:0px;" t-field-options='{"widget": "contact", "fields":["address","phone","email","website"],"no_marker": false}'/>
                        <span t-if="o.partner_id.vat">VAT: <span t-field="o.partner_id.vat"/></span>
                    </div>
                    <div t-attf-class="#{div_class}">
                        <span t-attf-style="font-size:{{style.body_font+6}}px;font-weight:bold;">Shipping Address:</span>
                        <address t-if="o.dest_address_id" t-field="o.dest_address_id" style="margin-bottom:0px;" 
                            t-field-options='{"widget": "contact", "fields":["name", "address","phone","email","website"],"no_marker": false}'/>
                        <address t-if="not o.dest_address_id and o.picking_type_id and o.picking_type_id.warehouse_id" t-field="o.picking_type_id.warehouse_id.partner_id" style="margin-bottom:0px;" 
                            t-field-options='{"widget": "contact", "fields":["name", "address","phone","email","website"],"no_marker": false}'/>
                    </div>
                    <div t-attf-class="#{div_class} mt8">
                        <ul> 
                            <div t-if="o.name">
                                <strong t-if="o.state != 'draft'" style="white-space:nowrap;">Purchase Order #</strong>
                                <strong t-if="o.state == 'draft'" style="white-space:nowrap;">RFQ #</strong>

                            </div>
                            <div t-if="o.date_order">
                                <strong style="white-space:nowrap;">Order Date:</strong>
                            </div>
                            <div t-if="o.date_planned">
                                <strong style="white-space:nowrap;">Scheduled Date:</strong>
                            </div>
                            <div t-if="o.fiscal_position_id">
                                <strong style="white-space:nowrap;">Fiscal Position:</strong>
                            </div>
                            <div t-if="o.name">
                                <strong style="white-space:nowrap;">Our Reference:</strong>
                            </div>
                            <div t-if="o.partner_ref">
                                <strong style="white-space:nowrap;">Your Reference:</strong>
                            </div>
                        </ul> 
                    </div>
                    <div t-attf-class="#{div_class} mt8 text-right">
                        <ul> 
                            <div t-if="o.name">
                                <span t-field="o.name"/>
                            </div>
                            <div t-if="o.date_order">
                                <span t-field="o.date_order"/>
                            </div>
                            <div t-if="o.date_planned">
                                <span t-field="o.date_planned"/>
                            </div>
                            <div t-if="o.fiscal_position_id">
                                <span t-field="o.fiscal_position_id"/>
                            </div>
                            <div t-if="o.name">
                                <span t-field="o.name"/>
                            </div>
                            <div t-if="o.partner_ref">
                                <span t-field="o.partner_ref"/>
                            </div>
                        </ul> 
                    </div>
                    <div class="col-xs-12 mt8 mb8" t-attf-style="padding-left:0px;padding-right:0px;border-top:2px solid {{style.theme_color}}; border-bottom:2px solid {{style.theme_color}};">
                        <div class="col-xs-6">
                            <h3 style="margin-top:10px;">
                                <span t-if="o.state != 'draft'">Purchase Order Total </span>
                                <span t-if="o.state == 'draft'">RFQ Total </span>
                            </h3>
                        </div>
                        <div class="col-xs-6 text-right">
                            <h3 style="margin-top:10px;">
                                <span t-field="o.amount_total"/>
                            </h3>
                        </div>
	            </div>
                <!-- DATA-->
                <t t-call="professional_templates.purchase_lines"/>
                <!--/DATA-->
               </div><!--End of PAGE-->
                <!--FOOTER -->
            <div class="footer" t-attf-style="font-size:{{style.footer_font}}px !important;font-family:{{style.font_family}} !important;">
                <div class="col-xs-12" t-attf-style="height:30px; background-color:{{style.theme_color}}"/>
                <t t-call="professional_templates.company_footer"/>
            </div>
        </template>            <!--/FOOTER-->

</data>
</openerp>
